,AAPL,JPM,PFE,TSLA,CVX
0,1.0728924994898954,0.7871643300419324,1.0264246551170335,1.0535256657387928,-0.4636503589984089
